설문제목,보기1,보기2,보기3,보기4,보기5,보기6,보기7,보기8,보기9,보기10,총참여자수,보기1_CNT,보기2_CNT,보기3_CNT,보기4_CNT,보기5_CNT,보기6_CNT,보기7_CNT,보기8_CNT,보기9_CNT,보기10_CNT,source_file,Unnamed: 12,Unnamed: 13,Unnamed: 14,Unnamed: 15,변수명,문항,문항유형
여러분은 평소 체력 관리를 위해 어떤 활동을 하고 계신가요? 모두 선택해주세요.,헬스,홈트레이닝,요가/필라테스,달리기/걷기,자전거 타기,"스포츠(축구, 배드민턴 등)",수영,등산,기타,체력관리를 위해 하고 있는 활동이 없다,6469,528,677,332,2035,472,299,255,598,212.0,1061.0,qpoll_join_250106.xlsx,,,,,,,
여러분은 다가오는 여름철 가장 걱정되는 점이 무엇인가요?,더위와 땀,피부 트러블,냉방병,전기요금 부담,체력 저하,휴가 계획 스트레스,특별히 걱정되는 것이 없다,,,,4971,2483,299,284,856,558,247,244,,,,qpoll_join_250604.xlsx,,,,,,,
여러분의 휴대폰 갤러리에 가장 많이 저장되어져 있는 사진은 무엇인가요?,셀카/인물 사진,음식 사진,풍경/여행 사진,반려동물 사진,메모용 캡처/스크린샷,친구/가족과의 단체 사진,SNS/인터넷에서 저장한 이미지,"업무/학업 관련 사진(자료, 필기 등)",기타,,4573,502,309,1013,299,417,1018,334,411,270.0,,qpoll_join_250716.xlsx,,,,,,,
여러분은 최근 가장 지출을 많이 한 곳은 어디입니까?,외식비,배달비,옷/쇼핑,"콘서트, 전시 등 문화생활",기타,,,,,,4997,2083,568,953,407,986,,,,,,qpoll_join_250624.xlsx,,,,,,,
여러분은 올해 해외여행을 간다면 어디로 가고 싶나요? 모두 선택해주세요,유럽,동남아,미국/캐나다,일본/중국,기타,해외여행을 가고싶지 않다,,,,,6231,1754,1233,1023,1228,207,786,,,,,qpoll_join_250326.xlsx,,,,,,,
현재 본인의 피부 상태에 얼마나 만족하시나요?,매우 만족한다,만족한다,보통이다,불만족한다,매우 불만족한다,,,,,,5080,302,862,2104,1373,438,,,,,,qpoll_join_250310.xlsx,,,,,,,
설문제목,보기1,보기2,보기3,보기4,보기5,,,,,,총참여자수,보기1_CNT,보기2_CNT,보기3_CNT,보기4_CNT,보기5_CNT,,,,,,qpoll_join_250310.xlsx,,,,,,,
한 달 기준으로 스킨케어 제품에 평균적으로 얼마나 소비하시나요?,3만원 미만,3만원 이상 ~ 5만원 미만,5만원 이상 ~ 10만원 미만,10만원 이상 ~ 15만원 미만,15만원 이상,,,,,,5034,2842,1174,699,216,102,,,,,,qpoll_join_250310.xlsx,,,,,,,
설문제목,보기1,보기2,보기3,보기4,보기5,,,,,,보기6,보기7,총참여자수,보기1_CNT,보기2_CNT,보기3_CNT,,,,,,qpoll_join_250310.xlsx,보기4_CNT,보기5_CNT,보기6_CNT,보기7_CNT,,,
스킨케어 제품을 구매할 때 가장 중요하게 고려하는 요소는 무엇인가요? ,브랜드 명성,제품 리뷰 및 사용 후기,성분 및 효과,가격,패키지 디자인,,,,,,친환경/비건 제품 여부,기타,5020,274,668,2403,,,,,,qpoll_join_250310.xlsx,958,166,377,173,,,
"여러분은 버리기 아까운 물건이 있을 때, 주로 어떻게 하시나요?",업사이클링(재활용) 시도,중고로 판매,기부,그냥 보관,바로 버린다,,,,,,5044,943,1226,509,1929,436,,,,,,qpoll_join_250605.xlsx,,,,,,,
여러분이 현재 이용 중인 OTT 서비스는 몇 개인가요?,1개,2개,3개,4개 이상,이용하지 않는다,,,,,,5108,1577,1081,655,270,1525,,,,,,qpoll_join_250107.xlsx,,,,,,,
여러분은 전통시장을 얼마나 자주 방문하시나요?,일주일에 1회 이상,2주에 1회 이상,한달에 1회 이상,3개월에 1회 이상,6개월에 1회 이상,1년에 1회 이상,전혀 방문하지 않음,,,,5174,855,641,1123,697,475,622,761,,,,qpoll_join_250116.xlsx,,,,,,,
여러분이 사용해 본 AI 챗봇 서비스는 무엇인가요? 모두 선택해주세요.,ChatGPT,딥시크,Gemini (구글),Claude (Anthropic),Copilot (마이크로소프트),HyperCLOVER X (네이버),기타,사용해 본 적 없음,,,6200,1693,299,1062,222,431,412,172,1901,,,qpoll_join_250317.xlsx,,,,,,,
설문제목,보기1,보기2,보기3,보기4,보기5,보기6,보기7,보기8,,,총참여자수,보기1_CNT,보기2_CNT,보기3_CNT,보기4_CNT,보기5_CNT,보기6_CNT,보기7_CNT,보기8_CNT,,,qpoll_join_250317.xlsx,,,,,,,
사용해 본 AI 챗봇 서비스 중 주로 사용하는 것은 무엇인가요?,ChatGPT,딥시크,Gemini (구글),Claude (Anthropic),Copilot (마이크로소프트),HyperCLOVER X (네이버),기타,사용해 본 적 없음,,,5031,1461,191,701,143,240,285,121,1888,,,qpoll_join_250317.xlsx,,,,,,,
설문제목,보기1,보기2,보기3,보기4,보기5,보기6,보기7,보기8,,,총참여자수,보기1_CNT,보기2_CNT,보기3_CNT,보기4_CNT,보기5_CNT,보기6_CNT,보기7_CNT,보기8_CNT,,,qpoll_join_250317.xlsx,,,,,,,
"AI 챗봇 서비스를 주로 어떤 용도로 활용하셨거나, 앞으로 활용하고 싶으신가요?",정보 검색 및 질문 해결,"업무 보조(문서작성, 데이터 분석 등)",학습 및 과제 도움,번역 및 언어 학습,"창작 활동(글쓰기, 이미지 생성 등)","개인 비서(일정 관리, 메모 작성 등)",코딩 및 프로그래밍 도움,기타,,,5011,1788,486,347,869,341,380,237,562,,,qpoll_join_250317.xlsx,,,,,,,
설문제목,보기1,보기2,총참여자수,보기1_CNT,보기2_CNT,,,,,,,,,,,,,,,,,qpoll_join_250317.xlsx,,,,,,,
"다음 두 서비스 중, 어느 서비스에 더 호감이 가나요? 현재 사용 여부는 고려하지 않고 응답해 주세요.",ChatGPT,딥시크,5000,4184,815,,,,,,,,,,,,,,,,,qpoll_join_250317.xlsx,,,,,,,
여러분이 절대 포기할 수 없는 여름 패션 필수템은 무엇인가요?,민소매,얇은 긴팔 셔츠,반바지,선글라스,샌들/슬리퍼,린넨셔츠,쿨토시/쿨스카프,기타,,,5721,415,548,1253,1038,1205,427,481,354,,,qpoll_join_250710.xlsx,,,,,,,
여러분은 초콜릿을 주로 언제 드시나요?,스트레스를 받을 때,기분이 좋을 때,간식으로 습관처럼,선물로 받았을 때,"특별한 날(생일, 발렌타인데이 등)",기타,거의 먹지 않는다,,,,4590,873,405,712,760,494,225,1121,,,,qpoll_join_250707.xlsx,,,,,,,
초등학생 시절 겨울방학 때 가장 기억에 남는 일은 무엇인가요?,가족과 함께 떠난 여행,겨울방학 숙제를 끝낸 순간,방학 동안 다녔던 학원이나 특별 활동,친구들과 보낸 즐거운 시간,"눈썰매, 스키 등 겨울 스포츠",눈사람 만들기,기타,,,,5211,703,642,316,1134,1086,908,421,,,,qpoll_join_250204.xlsx,,,,,,,
여러분이 지금까지 해본 다이어트 중 가장 효과 있었던 방법은 무엇인가요?,하루 세 끼를 규칙적으로 소식하기,간헐적 단식(예: 16시간 공복),저탄고지/단백질 위주 식단,꾸준한 유산소 운동,헬스장 또는 홈트레이닝,식욕 억제제 또는 다이어트 보조제 섭취,기타,없다,,,4982,785,680,407,1179,515,384,129,903,,,qpoll_join_250619.xlsx,,,,,,,
여러분은 본인을 위해 소비하는 것 중 가장 기분 좋아지는 소비는 무엇인가요?,맛있는 음식 먹기,여행 가기,옷/패션관련 제품 구매하기,취미관련 제품 구매하기,기타,,,,,,5070,1807,1239,872,873,279,,,,,,qpoll_join_250224.xlsx,,,,,,,
여러분의 여름철 최애 간식은 무엇인가요?,"제철과일(수박, 참외 등)",아이스크림,냉면,빙수,기타,없다,,,,,4941,1695,1236,922,765,120,203,,,,,qpoll_join_250623.xlsx,,,,,,,
여러분은 야식을 먹을 때 보통 어떤 방법으로 드시나요?,배달 주문해서 먹는다,집에서 직접 만들어 먹는다,직접 사와서 먹는다,외출해서 식당이나 포장마차 등에서 먹는다,야식을 거의 먹지 않는다,,,,,,5000,1667,810,826,362,1335,,,,,,qpoll_join_250620.xlsx,,,,,,,
여러분이 가장 중요하다고 생각하는 행복한 노년의 조건은 무엇인가요?,건강한 몸과 마음,안정적인 경제력,가족 또는 친구와의 친밀한 관계,여가과 취미를 즐길 수 있는 시간과 여유,사회와의 적절한 연결감,,,,,,4858,1687,1619,474,771,307,,,,,,qpoll_join_250616.xlsx,,,,,,,
"여러분은 할인, 캐시백, 멤버십 등 포인트 적립 혜택을 얼마나 신경 쓰시나요?",매우 꼼꼼하게 챙긴다,자주 쓰는 곳만 챙긴다,가끔 생각날 때만 챙긴다,거의 신경쓰지 않는다,전혀 관심 없다,,,,,,4634,1530,1746,931,282,145,,,,,,qpoll_join_250704.xlsx,,,,,,,
여러분은 반려동물을 키우는 중이시거나 혹은 키워보신 적이 있으신가요?,반려동물을 키우는 중이다,반려동물을 키워본 적이 있다,반려동물을 키워본 적이 없다,,,,,,,,5207,1151,2096,1959,,,,,,,,qpoll_join_250206.xlsx,,,,,,,
여름철 땀 때문에 겪는 불편함은 어떤 것이 있는지 모두 선택해주세요.,옷이 젖거나 얼룩지는 것이 신경쓰인다,땀 냄새가 걱정된다,메이크업이 무너진다,머리나 두피가 금방 기름진다,피부 트러블이 생긴다,다른 사람의 땀 냄새가 불쾌하다,특별히 불편한 점이 없다,,,,8395,1684,1924,803,1248,908,1583,245,,,,qpoll_join_250617.xlsx,,,,,,,
여러분은 요즘 가장 많이 사용하는 앱은 무엇인가요?,"SNS 앱 (인스타그램, 페이스북, 틱톡 등)","동영상 스트리밍 앱 (유튜브, 넷플릭스 등)","메신저 앱 (카카오톡, 문자 등)","쇼핑/배달 앱 (쿠팡, 배달의민족, 무신사 등)",금융 앱,운동/건강 앱,게임 앱,기타,,,5130,561,1143,1220,408,794,465,333,206,,,qpoll_join_250226.xlsx,,,,,,,
여러분이 가장 선호하는 설 선물 유형은 무엇인가요?,"전통 선물 세트(한우, 굴비, 과일 등)","실용적인 생필품(샴푸, 세제, 식용유 등)","건강식품(홍삼, 비타민 등)",백화점 상품권/현금,기타,선호하는 선물이 없다,,,,,5041,754,460,525,2974,94,234,,,,,qpoll_join_250123.xlsx,,,,,,,
여러분은 평소 개인정보보호를 위해 어떤 습관이 있으신가요?,비밀번호를 주기적으로 바꾼다,이중 인증(OTP 등)을 설정한다,의심스러운 링크/앱은 클릭하지 않는다,공공 와이파이 사용을 자제한다,개인정보 제공 동의 시 꼼꼼히 읽는다,기타,따로 실천하는 게 없다,,,,5883,591,757,2636,654,717,99,429,,,,qpoll_join_250709.xlsx,,,,,,,
여러분은 아침에 기상하기 위해 어떤 방식으로 알람을 설정해두시나요?,여러 개의 알람을 짧은 간격으로 설정해둔다,한 개만 설정해놓고 바로 일어난다,,,,,,,,,4980,1850,3130,,,,,,,,,qpoll_join_250610.xlsx,,,,,,,
어려분은 여행갈 때 어떤 스타일에 더 가까우신가요?,"계획형(여행 전부터 동선, 맛집, 숙소까지 꼼꼼히 준비)",즉흥형(가서 보고 느끼는 대로 움직이는 걸 선호),반반형(큰 틀만 정하고 세부 일정은 현지에서 정함),잘 모르겠다,,,,,,,4714,1782,790,1740,402,,,,,,,qpoll_join_250702.xlsx,,,,,,,
갑작스런 비로 우산이 없을 때 여러분은 어떻게 하시나요?,그냥 비를 맞고 간다,편의점에서 우산을 산다,근처 비를 피할 수 있는 곳으로 뛰어간다,가족/친구 등 주변지인에게 연락한다,기타,,,,,,4568,976,1215,1898,370,109,,,,,,qpoll_join_250714.xlsx,,,,,,,
여러분은 이사할 때 가장 스트레스 받는 부분은 어떤걸까요?,비용 부담,짐 싸고 풀기,이사업체 선택,새로운 환경 적응,기타,스트레스 받지 않는다,,,,,5043,1229,2318,647,599,83,167,,,,,qpoll_join_250221.xlsx,,,,,,,
여러분은 요즘 어떤 분야에서 AI 서비스를 활용하고 계신가요?,"업무 보조 (문서 작성, 이메일 등)",학습/공부 보조,번역이나 외국어 학습,이미지 생성 또는 디자인 참고,"콘텐츠 제작 (블로그, 영상 기획 등)",검색/정보 탐색,기타,AI 서베스를 사용해본 적 없다,,,6299,712,524,870,541,386,1857,197,1212,,,qpoll_join_250626.xlsx,,,,,,,
여러분이 여름철 물놀이 장소로 가장 선호하는 곳은 어디입니까?,워터파크,계곡,해변,기타,물놀이를 좋아하지 않는다,,,,,,4536,887,1647,981,167,854,,,,,,qpoll_join_250723.xlsx,,,,,,,
여러분은 본인을 미니멀리스트와 맥시멀리스트 중 어디에 더 가깝다고 생각하시나요?,미니멀리스트(최소한의 물건만 소유),맥시멀리스트(다양한 물건을 많이 소유),,,,,,,,,4928,3064,1863,,,,,,,,,qpoll_join_250627.xlsx,,,,,,,
빠른 배송(당일·새벽·직진 배송) 서비스를 주로 어떤 제품을 구매할 때 이용하시나요?,"신선식품(과일, 채소, 육류 등)","생활용품(생필품, 위생용품 등)",전자기기 및 가전제품,패션·뷰티 제품,기타,빠른 배송 서비스를 이용해 본 적 없다,,,,,5108,2283,1074,374,410,168,799,,,,,qpoll_join_250328.xlsx,,,,,,,
평소 일회용 비닐봉투 사용을 줄이기 위해 어떤 노력을 하고 계신가요?,장바구니나 에코백을 챙긴다,비닐 대신 종이봉투나 박스를 활용한다,아예 쇼핑할 때 봉투를 받지 않는다,편의점이나 마트에서 유료 봉투를 아깝더라도 산다,기타,따로 노력하고 있지 않다,,,,,5249,2634,832,729,550,136,368,,,,,qpoll_join_250703.xlsx,,,,,,,
여러분은 외부 식당에서 혼자 식사하는 빈도는 어느 정도인가요?,거의 매일,주 2~3회 정도,주 1회 정도,월 1~2회 정도,거의 하지 않거나 한 번도 해본 적 없다,,,,,,4996,441,721,872,1193,1769,,,,,,qpoll_join_250611.xlsx,,,,,,,
다음 중 가장 스트레스를 많이 느끼는 상황은 무엇인가요?,업무 / 학업,출퇴근,"인간관계 (가족, 친구, 직장 등)",경제적 문제,건강 문제,기타,,,,,5154,516,353,1424,1887,777,196,,,,,qpoll_join_250304.xlsx,,,,,,,
설문제목,보기1,보기2,보기3,보기4,보기5,보기6,,,,,총참여자수,보기1_CNT,보기2_CNT,보기3_CNT,보기4_CNT,보기5_CNT,보기6_CNT,,,,,qpoll_join_250304.xlsx,,,,,,,
스트레스를 해소하는 방법으로 주로 사용하는 것은 무엇인가요?,수면,음식 섭취,운동,명상 / 휴식,마사지 / 스파,기타,,,,,5106,1459,897,991,1017,309,432,,,,,qpoll_join_250304.xlsx,,,,,,,
,,,,,,,,,,,,,,,,,,,,,,Welcome_2nd.xlsx,,,,,mb_sn,패널ID,String
,,,,,,,,,,,,,,,,,,,,,,Welcome_2nd.xlsx,,,,,Q1,결혼여부,SINGLE
,,,,,,,,,,,,,,,,,,,,,,Welcome_2nd.xlsx,,,,,1,미혼,
,,,,,,,,,,,,,,,,,,,,,,Welcome_2nd.xlsx,,,,,2,기혼,
,,,,,,,,,,,,,,,,,,,,,,Welcome_2nd.xlsx,,,,,3,기타(사별/이혼 등),
,,,,,,,,,,,,,,,,,,,,,,Welcome_2nd.xlsx,,,,,Q2,자녀수,Numeric
,,,,,,,,,,,,,,,,,,,,,,Welcome_2nd.xlsx,,,,,Q3,가족수,SINGLE
,,,,,,,,,,,,,,,,,,,,,,Welcome_2nd.xlsx,,,,,1,1명(혼자 거주),
,,,,,,,,,,,,,,,,,,,,,,Welcome_2nd.xlsx,,,,,2,2명,
,,,,,,,,,,,,,,,,,,,,,,Welcome_2nd.xlsx,,,,,3,3명,
,,,,,,,,,,,,,,,,,,,,,,Welcome_2nd.xlsx,,,,,4,4명,
,,,,,,,,,,,,,,,,,,,,,,Welcome_2nd.xlsx,,,,,5,5명 이상,
,,,,,,,,,,,,,,,,,,,,,,Welcome_2nd.xlsx,,,,,Q4,최종학력,SINGLE
,,,,,,,,,,,,,,,,,,,,,,Welcome_2nd.xlsx,,,,,1,고등학교 졸업 이하,
,,,,,,,,,,,,,,,,,,,,,,Welcome_2nd.xlsx,,,,,2,대학교 재학(휴학 포함),
,,,,,,,,,,,,,,,,,,,,,,Welcome_2nd.xlsx,,,,,3,대학교 졸업,
,,,,,,,,,,,,,,,,,,,,,,Welcome_2nd.xlsx,,,,,4,대학원 재학/졸업 이상,
,,,,,,,,,,,,,,,,,,,,,,Welcome_2nd.xlsx,,,,,Q5,직업,SINGLE
,,,,,,,,,,,,,,,,,,,,,,Welcome_2nd.xlsx,,,,,1,"전문직 (의사, 간호사, 변호사, 회계사, 예술가, 종교인, 엔지니어, 프로그래머, 기술사 등)",
,,,,,,,,,,,,,,,,,,,,,,Welcome_2nd.xlsx,,,,,2,"교직 (교수, 교사, 강사 등)",
,,,,,,,,,,,,,,,,,,,,,,Welcome_2nd.xlsx,,,,,3,"경영/관리직 (사장, 대기업 간부, 고위 공무원 등)",
,,,,,,,,,,,,,,,,,,,,,,Welcome_2nd.xlsx,,,,,4,"사무직 (기업체 차장 이하 사무직 종사자, 공무원 등)",
,,,,,,,,,,,,,,,,,,,,,,Welcome_2nd.xlsx,,,,,5,"자영업 (제조업, 건설업, 도소매업, 운수업, 무역업, 서비스업 경영)",
,,,,,,,,,,,,,,,,,,,,,,Welcome_2nd.xlsx,,,,,6,"판매직 (보험판매, 세일즈맨, 도/소매업 직원, 부동산 판매, 행상, 노점상 등)",
,,,,,,,,,,,,,,,,,,,,,,Welcome_2nd.xlsx,,,,,7,"서비스직 (미용, 통신, 안내, 요식업 직원 등)",
,,,,,,,,,,,,,,,,,,,,,,Welcome_2nd.xlsx,,,,,8,"생산/노무직 (차량운전자, 현장직, 생산직 등)",
,,,,,,,,,,,,,,,,,,,,,,Welcome_2nd.xlsx,,,,,9,"기능직 (기술직, 제빵업, 목수, 전기공, 정비사, 배관공 등)",
,,,,,,,,,,,,,,,,,,,,,,Welcome_2nd.xlsx,,,,,10,농업/임업/축산업/광업/수산업,
,,,,,,,,,,,,,,,,,,,,,,Welcome_2nd.xlsx,,,,,11,임대업,
,,,,,,,,,,,,,,,,,,,,,,Welcome_2nd.xlsx,,,,,12,중/고등학생,
,,,,,,,,,,,,,,,,,,,,,,Welcome_2nd.xlsx,,,,,13,대학생/대학원생,
,,,,,,,,,,,,,,,,,,,,,,Welcome_2nd.xlsx,,,,,14,전업주부,
,,,,,,,,,,,,,,,,,,,,,,Welcome_2nd.xlsx,,,,,15,퇴직/연금생활자,
,,,,,,,,,,,,,,,,,,,,,,Welcome_2nd.xlsx,,,,,Q5_1,직무,SINGLE
,,,,,,,,,,,,,,,,,,,,,,Welcome_2nd.xlsx,,,,,1,경영•인사•총무•사무,
,,,,,,,,,,,,,,,,,,,,,,Welcome_2nd.xlsx,,,,,2,재무•회계•경리,
,,,,,,,,,,,,,,,,,,,,,,Welcome_2nd.xlsx,,,,,3,금융•보험•증권,
,,,,,,,,,,,,,,,,,,,,,,Welcome_2nd.xlsx,,,,,4,마케팅•광고•홍보•조사,
,,,,,,,,,,,,,,,,,,,,,,Welcome_2nd.xlsx,,,,,5,무역•영업•판매•매장관리,
,,,,,,,,,,,,,,,,,,,,,,Welcome_2nd.xlsx,,,,,6,고객상담•TM,
,,,,,,,,,,,,,,,,,,,,,,Welcome_2nd.xlsx,,,,,7,전문직•법률•인문사회•임원,
,,,,,,,,,,,,,,,,,,,,,,Welcome_2nd.xlsx,,,,,8,의료•간호•보건•복지,
,,,,,,,,,,,,,,,,,,,,,,Welcome_2nd.xlsx,,,,,9,교육•교사•강사•교직원,
,,,,,,,,,,,,,,,,,,,,,,Welcome_2nd.xlsx,,,,,10,방송•언론,
,,,,,,,,,,,,,,,,,,,,,,Welcome_2nd.xlsx,,,,,11,문화•스포츠,
,,,,,,,,,,,,,,,,,,,,,,Welcome_2nd.xlsx,,,,,12,서비스•여행•숙박•음식•미용•보안,
,,,,,,,,,,,,,,,,,,,,,,Welcome_2nd.xlsx,,,,,13,유통•물류•운송•운전,
,,,,,,,,,,,,,,,,,,,,,,Welcome_2nd.xlsx,,,,,14,디자인,
,,,,,,,,,,,,,,,,,,,,,,Welcome_2nd.xlsx,,,,,15,인터넷•통신,
,,,,,,,,,,,,,,,,,,,,,,Welcome_2nd.xlsx,,,,,16,IT,
,,,,,,,,,,,,,,,,,,,,,,Welcome_2nd.xlsx,,,,,17,모바일,
,,,,,,,,,,,,,,,,,,,,,,Welcome_2nd.xlsx,,,,,18,게임,
,,,,,,,,,,,,,,,,,,,,,,Welcome_2nd.xlsx,,,,,19,전자•기계•기술•화학•연구개발,
,,,,,,,,,,,,,,,,,,,,,,Welcome_2nd.xlsx,,,,,20,건설•건축•토목•환경,
,,,,,,,,,,,,,,,,,,,,,,Welcome_2nd.xlsx,,,,,21,생산•정비•기능•노무,
,,,,,,,,,,,,,,,,,,,,,,Welcome_2nd.xlsx,,,,,Q6,월평균 개인소득,SINGLE
,,,,,,,,,,,,,,,,,,,,,,Welcome_2nd.xlsx,,,,,1,월 100만원 미만,
,,,,,,,,,,,,,,,,,,,,,,Welcome_2nd.xlsx,,,,,2,월 100~199만원,
,,,,,,,,,,,,,,,,,,,,,,Welcome_2nd.xlsx,,,,,3,월 200~299만원,
,,,,,,,,,,,,,,,,,,,,,,Welcome_2nd.xlsx,,,,,4,월 300~399만원,
,,,,,,,,,,,,,,,,,,,,,,Welcome_2nd.xlsx,,,,,5,월 400~499만원,
,,,,,,,,,,,,,,,,,,,,,,Welcome_2nd.xlsx,,,,,6,월 500~599만원,
,,,,,,,,,,,,,,,,,,,,,,Welcome_2nd.xlsx,,,,,7,월 600~699만원,
,,,,,,,,,,,,,,,,,,,,,,Welcome_2nd.xlsx,,,,,8,월 700~799만원,
,,,,,,,,,,,,,,,,,,,,,,Welcome_2nd.xlsx,,,,,9,월 800~899만원,
,,,,,,,,,,,,,,,,,,,,,,Welcome_2nd.xlsx,,,,,10,월 900~999만원,
,,,,,,,,,,,,,,,,,,,,,,Welcome_2nd.xlsx,,,,,11,월 1000만원 이상,
,,,,,,,,,,,,,,,,,,,,,,Welcome_2nd.xlsx,,,,,9998,모름/무응답,
,,,,,,,,,,,,,,,,,,,,,,Welcome_2nd.xlsx,,,,,Q7,월평균 가구소득,SINGLE
,,,,,,,,,,,,,,,,,,,,,,Welcome_2nd.xlsx,,,,,1,월 100만원 미만,
,,,,,,,,,,,,,,,,,,,,,,Welcome_2nd.xlsx,,,,,2,월 100~199만원,
,,,,,,,,,,,,,,,,,,,,,,Welcome_2nd.xlsx,,,,,3,월 200~299만원,
,,,,,,,,,,,,,,,,,,,,,,Welcome_2nd.xlsx,,,,,4,월 300~399만원,
,,,,,,,,,,,,,,,,,,,,,,Welcome_2nd.xlsx,,,,,5,월 400~499만원,
,,,,,,,,,,,,,,,,,,,,,,Welcome_2nd.xlsx,,,,,6,월 500~599만원,
,,,,,,,,,,,,,,,,,,,,,,Welcome_2nd.xlsx,,,,,7,월 600~699만원,
,,,,,,,,,,,,,,,,,,,,,,Welcome_2nd.xlsx,,,,,8,월 700~799만원,
,,,,,,,,,,,,,,,,,,,,,,Welcome_2nd.xlsx,,,,,9,월 800~899만원,
,,,,,,,,,,,,,,,,,,,,,,Welcome_2nd.xlsx,,,,,10,월 900~999만원,
,,,,,,,,,,,,,,,,,,,,,,Welcome_2nd.xlsx,,,,,11,월 1000만원 이상,
,,,,,,,,,,,,,,,,,,,,,,Welcome_2nd.xlsx,,,,,9998,모름/무응답,
,,,,,,,,,,,,,,,,,,,,,,Welcome_2nd.xlsx,,,,,Q8,보유전제품,MULTI
,,,,,,,,,,,,,,,,,,,,,,Welcome_2nd.xlsx,,,,,1,TV,
,,,,,,,,,,,,,,,,,,,,,,Welcome_2nd.xlsx,,,,,2,냉장고,
,,,,,,,,,,,,,,,,,,,,,,Welcome_2nd.xlsx,,,,,3,김치냉장고,
,,,,,,,,,,,,,,,,,,,,,,Welcome_2nd.xlsx,,,,,4,세탁기,
,,,,,,,,,,,,,,,,,,,,,,Welcome_2nd.xlsx,,,,,5,에어컨,
,,,,,,,,,,,,,,,,,,,,,,Welcome_2nd.xlsx,,,,,6,제습기,
,,,,,,,,,,,,,,,,,,,,,,Welcome_2nd.xlsx,,,,,7,공기청정기(에어 케어),
,,,,,,,,,,,,,,,,,,,,,,Welcome_2nd.xlsx,,,,,8,정수기,
,,,,,,,,,,,,,,,,,,,,,,Welcome_2nd.xlsx,,,,,9,일반청소기,
,,,,,,,,,,,,,,,,,,,,,,Welcome_2nd.xlsx,,,,,10,로봇청소기,
,,,,,,,,,,,,,,,,,,,,,,Welcome_2nd.xlsx,,,,,11,"무선청소기(예:다이슨, 코드제로, 제트 등)",
,,,,,,,,,,,,,,,,,,,,,,Welcome_2nd.xlsx,,,,,12,"커피 머신(에스프레소 머신, 캡슐커피 머신 등)",
,,,,,,,,,,,,,,,,,,,,,,Welcome_2nd.xlsx,,,,,13,안마의자,
,,,,,,,,,,,,,,,,,,,,,,Welcome_2nd.xlsx,,,,,14,음식물 처리기,
,,,,,,,,,,,,,,,,,,,,,,Welcome_2nd.xlsx,,,,,15,비데,
,,,,,,,,,,,,,,,,,,,,,,Welcome_2nd.xlsx,,,,,16,의류 관리기(스타일러),
,,,,,,,,,,,,,,,,,,,,,,Welcome_2nd.xlsx,,,,,17,건조기,
,,,,,,,,,,,,,,,,,,,,,,Welcome_2nd.xlsx,,,,,18,"전기레인지(하이라이트, 인덕션, 핫플레이트 등)",
,,,,,,,,,,,,,,,,,,,,,,Welcome_2nd.xlsx,,,,,19,식기세척기,
,,,,,,,,,,,,,,,,,,,,,,Welcome_2nd.xlsx,,,,,20,에어프라이기,
,,,,,,,,,,,,,,,,,,,,,,Welcome_2nd.xlsx,,,,,21,가정용 식물 재배기,
,,,,,,,,,,,,,,,,,,,,,,Welcome_2nd.xlsx,,,,,22,노트북,
,,,,,,,,,,,,,,,,,,,,,,Welcome_2nd.xlsx,,,,,23,"태블릿PC (아이패드, 갤럭시 탭 등)",
,,,,,,,,,,,,,,,,,,,,,,Welcome_2nd.xlsx,,,,,24,데스크탑,
,,,,,,,,,,,,,,,,,,,,,,Welcome_2nd.xlsx,,,,,25,"무선 이어폰(예: 에어팟, 갤럭시 버즈 등)",
,,,,,,,,,,,,,,,,,,,,,,Welcome_2nd.xlsx,,,,,26,"스마트 워치(예: 애플워치, 갤럭시 워치, 샤오미 등)",
,,,,,,,,,,,,,,,,,,,,,,Welcome_2nd.xlsx,,,,,27,인공지능 AI 스피커,
,,,,,,,,,,,,,,,,,,,,,,Welcome_2nd.xlsx,,,,,28,블루투스 스피커,
,,,,,,,,,,,,,,,,,,,,,,Welcome_2nd.xlsx,,,,,Q9_1,보유 휴대폰 단말기 브랜드,SINGLE
,,,,,,,,,,,,,,,,,,,,,,Welcome_2nd.xlsx,,,,,1,애플 (아이폰),
,,,,,,,,,,,,,,,,,,,,,,Welcome_2nd.xlsx,,,,,2,"삼성전자 (갤럭시, 노트)",
,,,,,,,,,,,,,,,,,,,,,,Welcome_2nd.xlsx,,,,,3,"LG전자(V 시리즈, G 시리즈 등)",
,,,,,,,,,,,,,,,,,,,,,,Welcome_2nd.xlsx,,,,,Q9_2,보유 휴대폰 모델명,SINGLE
,,,,,,,,,,,,,,,,,,,,,,Welcome_2nd.xlsx,,,,,1001,아이폰 15 Pro 시리즈,
,,,,,,,,,,,,,,,,,,,,,,Welcome_2nd.xlsx,,,,,1002,아이폰 15 시리즈,
,,,,,,,,,,,,,,,,,,,,,,Welcome_2nd.xlsx,,,,,1003,아이폰 14 Pro 시리즈,
,,,,,,,,,,,,,,,,,,,,,,Welcome_2nd.xlsx,,,,,1004,아이폰 14 시리즈,
,,,,,,,,,,,,,,,,,,,,,,Welcome_2nd.xlsx,,,,,1005,아이폰 13 Pro 시리즈,
,,,,,,,,,,,,,,,,,,,,,,Welcome_2nd.xlsx,,,,,1006,아이폰 13/ 13mini,
,,,,,,,,,,,,,,,,,,,,,,Welcome_2nd.xlsx,,,,,1007,아이폰 12 Pro 시리즈,
,,,,,,,,,,,,,,,,,,,,,,Welcome_2nd.xlsx,,,,,1008,아이폰 12/ 12mini,
,,,,,,,,,,,,,,,,,,,,,,Welcome_2nd.xlsx,,,,,1009,아이폰 11 Pro 시리즈,
,,,,,,,,,,,,,,,,,,,,,,Welcome_2nd.xlsx,,,,,1010,아이폰 11,
,,,,,,,,,,,,,,,,,,,,,,Welcome_2nd.xlsx,,,,,1011,아이폰 Xs/Xs Max,
,,,,,,,,,,,,,,,,,,,,,,Welcome_2nd.xlsx,,,,,1012,아이폰 X,
,,,,,,,,,,,,,,,,,,,,,,Welcome_2nd.xlsx,,,,,1013,아이폰 SE,
,,,,,,,,,,,,,,,,,,,,,,Welcome_2nd.xlsx,,,,,1098,기타 아이폰 시리즈,
,,,,,,,,,,,,,,,,,,,,,,Welcome_2nd.xlsx,,,,,2001,갤럭시 Z Fold 시리즈,
,,,,,,,,,,,,,,,,,,,,,,Welcome_2nd.xlsx,,,,,2002,갤럭시 Z Filp 시리즈,
,,,,,,,,,,,,,,,,,,,,,,Welcome_2nd.xlsx,,,,,2003,갤럭시 S23 시리즈,
,,,,,,,,,,,,,,,,,,,,,,Welcome_2nd.xlsx,,,,,2004,갤럭시 S22 시리즈,
,,,,,,,,,,,,,,,,,,,,,,Welcome_2nd.xlsx,,,,,2005,갤럭시 S21 시리즈,
,,,,,,,,,,,,,,,,,,,,,,Welcome_2nd.xlsx,,,,,2006,갤럭시 S20 시리즈,
,,,,,,,,,,,,,,,,,,,,,,Welcome_2nd.xlsx,,,,,2007,갤럭시 A 시리즈,
,,,,,,,,,,,,,,,,,,,,,,Welcome_2nd.xlsx,,,,,2008,갤럭시 노트 시리즈,
,,,,,,,,,,,,,,,,,,,,,,Welcome_2nd.xlsx,,,,,2009,갤럭시 M 시리즈,
,,,,,,,,,,,,,,,,,,,,,,Welcome_2nd.xlsx,,,,,2098,기타 갤럭시 스마트폰,
,,,,,,,,,,,,,,,,,,,,,,Welcome_2nd.xlsx,,,,,3001,LG 옵티머스 시리즈,
,,,,,,,,,,,,,,,,,,,,,,Welcome_2nd.xlsx,,,,,3002,LG G Pro,
,,,,,,,,,,,,,,,,,,,,,,Welcome_2nd.xlsx,,,,,3003,LG G Flex,
,,,,,,,,,,,,,,,,,,,,,,Welcome_2nd.xlsx,,,,,3004,LG V 시리즈,
,,,,,,,,,,,,,,,,,,,,,,Welcome_2nd.xlsx,,,,,3005,LG Q 시리즈,
,,,,,,,,,,,,,,,,,,,,,,Welcome_2nd.xlsx,,,,,3006,LG X 시리즈,
,,,,,,,,,,,,,,,,,,,,,,Welcome_2nd.xlsx,,,,,3098,LG 기타 스마트폰,
,,,,,,,,,,,,,,,,,,,,,,Welcome_2nd.xlsx,,,,,Q10,보유차량여부,SINGLE
,,,,,,,,,,,,,,,,,,,,,,Welcome_2nd.xlsx,,,,,1,있다,
,,,,,,,,,,,,,,,,,,,,,,Welcome_2nd.xlsx,,,,,2,없다,
,,,,,,,,,,,,,,,,,,,,,,Welcome_2nd.xlsx,,,,,Q11_1,자동차 제조사,SINGLE
,,,,,,,,,,,,,,,,,,,,,,Welcome_2nd.xlsx,,,,,1,기아,
,,,,,,,,,,,,,,,,,,,,,,Welcome_2nd.xlsx,,,,,2,르노삼성,
,,,,,,,,,,,,,,,,,,,,,,Welcome_2nd.xlsx,,,,,3,쌍용,
,,,,,,,,,,,,,,,,,,,,,,Welcome_2nd.xlsx,,,,,4,쉐보레(한국GM/대우),
,,,,,,,,,,,,,,,,,,,,,,Welcome_2nd.xlsx,,,,,5,현대,
,,,,,,,,,,,,,,,,,,,,,,Welcome_2nd.xlsx,,,,,6,제네시스,
,,,,,,,,,,,,,,,,,,,,,,Welcome_2nd.xlsx,,,,,13,아우디,
,,,,,,,,,,,,,,,,,,,,,,Welcome_2nd.xlsx,,,,,14,벤틀리,
,,,,,,,,,,,,,,,,,,,,,,Welcome_2nd.xlsx,,,,,15,BMW,
,,,,,,,,,,,,,,,,,,,,,,Welcome_2nd.xlsx,,,,,24,포드,
,,,,,,,,,,,,,,,,,,,,,,Welcome_2nd.xlsx,,,,,25,혼다,
,,,,,,,,,,,,,,,,,,,,,,Welcome_2nd.xlsx,,,,,26,인피니티,
,,,,,,,,,,,,,,,,,,,,,,Welcome_2nd.xlsx,,,,,27,재규어,
,,,,,,,,,,,,,,,,,,,,,,Welcome_2nd.xlsx,,,,,28,지프,
,,,,,,,,,,,,,,,,,,,,,,Welcome_2nd.xlsx,,,,,30,랜드로버,
,,,,,,,,,,,,,,,,,,,,,,Welcome_2nd.xlsx,,,,,31,렉서스,
,,,,,,,,,,,,,,,,,,,,,,Welcome_2nd.xlsx,,,,,32,링컨,
,,,,,,,,,,,,,,,,,,,,,,Welcome_2nd.xlsx,,,,,37,메르체데스-벤츠,
,,,,,,,,,,,,,,,,,,,,,,Welcome_2nd.xlsx,,,,,38,BMW미니,
,,,,,,,,,,,,,,,,,,,,,,Welcome_2nd.xlsx,,,,,40,닛산,
,,,,,,,,,,,,,,,,,,,,,,Welcome_2nd.xlsx,,,,,42,포르쉐,
,,,,,,,,,,,,,,,,,,,,,,Welcome_2nd.xlsx,,,,,43,롤스로이스,
,,,,,,,,,,,,,,,,,,,,,,Welcome_2nd.xlsx,,,,,48,테슬라,
,,,,,,,,,,,,,,,,,,,,,,Welcome_2nd.xlsx,,,,,49,토요타,
,,,,,,,,,,,,,,,,,,,,,,Welcome_2nd.xlsx,,,,,50,볼보,
,,,,,,,,,,,,,,,,,,,,,,Welcome_2nd.xlsx,,,,,51,폭스바겐,
,,,,,,,,,,,,,,,,,,,,,,Welcome_2nd.xlsx,,,,,52,만,
,,,,,,,,,,,,,,,,,,,,,,Welcome_2nd.xlsx,,,,,53,스카니아,
,,,,,,,,,,,,,,,,,,,,,,Welcome_2nd.xlsx,,,,,81,포톤,
,,,,,,,,,,,,,,,,,,,,,,Welcome_2nd.xlsx,,,,,82,이스트,
,,,,,,,,,,,,,,,,,,,,,,Welcome_2nd.xlsx,,,,,83,이베코,
,,,,,,,,,,,,,,,,,,,,,,Welcome_2nd.xlsx,,,,,Q11_2,자동차 모델,SINGLE
,,,,,,,,,,,,,,,,,,,,,,Welcome_2nd.xlsx,,,,,101,레이,
,,,,,,,,,,,,,,,,,,,,,,Welcome_2nd.xlsx,,,,,102,모닝,
,,,,,,,,,,,,,,,,,,,,,,Welcome_2nd.xlsx,,,,,107,K3,
,,,,,,,,,,,,,,,,,,,,,,Welcome_2nd.xlsx,,,,,115,K5,
,,,,,,,,,,,,,,,,,,,,,,Welcome_2nd.xlsx,,,,,121,K7,
,,,,,,,,,,,,,,,,,,,,,,Welcome_2nd.xlsx,,,,,122,K8,
,,,,,,,,,,,,,,,,,,,,,,Welcome_2nd.xlsx,,,,,124,스팅어,
,,,,,,,,,,,,,,,,,,,,,,Welcome_2nd.xlsx,,,,,125,K9,
,,,,,,,,,,,,,,,,,,,,,,Welcome_2nd.xlsx,,,,,132,카니발,
,,,,,,,,,,,,,,,,,,,,,,Welcome_2nd.xlsx,,,,,133,쏘울,
,,,,,,,,,,,,,,,,,,,,,,Welcome_2nd.xlsx,,,,,134,니로,
,,,,,,,,,,,,,,,,,,,,,,Welcome_2nd.xlsx,,,,,135,스토닉,
,,,,,,,,,,,,,,,,,,,,,,Welcome_2nd.xlsx,,,,,136,셀토스,
,,,,,,,,,,,,,,,,,,,,,,Welcome_2nd.xlsx,,,,,138,스포티지,
,,,,,,,,,,,,,,,,,,,,,,Welcome_2nd.xlsx,,,,,140,쏘렌토,
,,,,,,,,,,,,,,,,,,,,,,Welcome_2nd.xlsx,,,,,141,모하비,
,,,,,,,,,,,,,,,,,,,,,,Welcome_2nd.xlsx,,,,,142,EV6,
,,,,,,,,,,,,,,,,,,,,,,Welcome_2nd.xlsx,,,,,181,봉고,
,,,,,,,,,,,,,,,,,,,,,,Welcome_2nd.xlsx,,,,,182,타이탄,
,,,,,,,,,,,,,,,,,,,,,,Welcome_2nd.xlsx,,,,,183,트레이드,
,,,,,,,,,,,,,,,,,,,,,,Welcome_2nd.xlsx,,,,,184,라이노,
,,,,,,,,,,,,,,,,,,,,,,Welcome_2nd.xlsx,,,,,185,복사,
,,,,,,,,,,,,,,,,,,,,,,Welcome_2nd.xlsx,,,,,186,그랜토,
,,,,,,,,,,,,,,,,,,,,,,Welcome_2nd.xlsx,,,,,187,세레스,
,,,,,,,,,,,,,,,,,,,,,,Welcome_2nd.xlsx,,,,,188,프론티어,
,,,,,,,,,,,,,,,,,,,,,,Welcome_2nd.xlsx,,,,,201,클리오,
,,,,,,,,,,,,,,,,,,,,,,Welcome_2nd.xlsx,,,,,202,SM3,
,,,,,,,,,,,,,,,,,,,,,,Welcome_2nd.xlsx,,,,,203,SM5,
,,,,,,,,,,,,,,,,,,,,,,Welcome_2nd.xlsx,,,,,204,SM6,
,,,,,,,,,,,,,,,,,,,,,,Welcome_2nd.xlsx,,,,,205,SM7,
,,,,,,,,,,,,,,,,,,,,,,Welcome_2nd.xlsx,,,,,206,QM3,
,,,,,,,,,,,,,,,,,,,,,,Welcome_2nd.xlsx,,,,,207,XM3,
,,,,,,,,,,,,,,,,,,,,,,Welcome_2nd.xlsx,,,,,208,QM6,
,,,,,,,,,,,,,,,,,,,,,,Welcome_2nd.xlsx,,,,,281,야무진,
,,,,,,,,,,,,,,,,,,,,,,Welcome_2nd.xlsx,,,,,282,SM510/530,
,,,,,,,,,,,,,,,,,,,,,,Welcome_2nd.xlsx,,,,,305,투리스모,
,,,,,,,,,,,,,,,,,,,,,,Welcome_2nd.xlsx,,,,,306,티볼리,
,,,,,,,,,,,,,,,,,,,,,,Welcome_2nd.xlsx,,,,,307,티볼리에어,
,,,,,,,,,,,,,,,,,,,,,,Welcome_2nd.xlsx,,,,,311,코란도(C300),
,,,,,,,,,,,,,,,,,,,,,,Welcome_2nd.xlsx,,,,,316,코란도스포츠,
,,,,,,,,,,,,,,,,,,,,,,Welcome_2nd.xlsx,,,,,318,G4렉스턴,
,,,,,,,,,,,,,,,,,,,,,,Welcome_2nd.xlsx,,,,,319,렉스턴스포츠,
,,,,,,,,,,,,,,,,,,,,,,Welcome_2nd.xlsx,,,,,320,렉스턴스포츠 칸,
,,,,,,,,,,,,,,,,,,,,,,Welcome_2nd.xlsx,,,,,381,SY트럭,
,,,,,,,,,,,,,,,,,,,,,,Welcome_2nd.xlsx,,,,,402,스파크,
,,,,,,,,,,,,,,,,,,,,,,Welcome_2nd.xlsx,,,,,407,아베오,
,,,,,,,,,,,,,,,,,,,,,,Welcome_2nd.xlsx,,,,,410,볼트,
,,,,,,,,,,,,,,,,,,,,,,Welcome_2nd.xlsx,,,,,415,크루즈,
,,,,,,,,,,,,,,,,,,,,,,Welcome_2nd.xlsx,,,,,418,말리부,
,,,,,,,,,,,,,,,,,,,,,,Welcome_2nd.xlsx,,,,,427,임팔라,
,,,,,,,,,,,,,,,,,,,,,,Welcome_2nd.xlsx,,,,,429,카마로,
,,,,,,,,,,,,,,,,,,,,,,Welcome_2nd.xlsx,,,,,437,트랙스,
,,,,,,,,,,,,,,,,,,,,,,Welcome_2nd.xlsx,,,,,438,트레일블레이저,
,,,,,,,,,,,,,,,,,,,,,,Welcome_2nd.xlsx,,,,,451,트래버스,
,,,,,,,,,,,,,,,,,,,,,,Welcome_2nd.xlsx,,,,,452,콜로라도,
,,,,,,,,,,,,,,,,,,,,,,Welcome_2nd.xlsx,,,,,453,이쿼녹스,
,,,,,,,,,,,,,,,,,,,,,,Welcome_2nd.xlsx,,,,,481,라보,
,,,,,,,,,,,,,,,,,,,,,,Welcome_2nd.xlsx,,,,,482,노부스,
,,,,,,,,,,,,,,,,,,,,,,Welcome_2nd.xlsx,,,,,483,프리마,
,,,,,,,,,,,,,,,,,,,,,,Welcome_2nd.xlsx,,,,,484,바네트,
,,,,,,,,,,,,,,,,,,,,,,Welcome_2nd.xlsx,,,,,504,엑센트,
,,,,,,,,,,,,,,,,,,,,,,Welcome_2nd.xlsx,,,,,509,i30,
,,,,,,,,,,,,,,,,,,,,,,Welcome_2nd.xlsx,,,,,510,아이오닉,
,,,,,,,,,,,,,,,,,,,,,,Welcome_2nd.xlsx,,,,,511,벨로스터,
,,,,,,,,,,,,,,,,,,,,,,Welcome_2nd.xlsx,,,,,514,아반떼,
,,,,,,,,,,,,,,,,,,,,,,Welcome_2nd.xlsx,,,,,518,i40,
,,,,,,,,,,,,,,,,,,,,,,Welcome_2nd.xlsx,,,,,520,쏘나타,
,,,,,,,,,,,,,,,,,,,,,,Welcome_2nd.xlsx,,,,,521,그랜저,
,,,,,,,,,,,,,,,,,,,,,,Welcome_2nd.xlsx,,,,,533,코나,
,,,,,,,,,,,,,,,,,,,,,,Welcome_2nd.xlsx,,,,,534,투싼,
,,,,,,,,,,,,,,,,,,,,,,Welcome_2nd.xlsx,,,,,535,넥쏘,
,,,,,,,,,,,,,,,,,,,,,,Welcome_2nd.xlsx,,,,,537,싼타페,
,,,,,,,,,,,,,,,,,,,,,,Welcome_2nd.xlsx,,,,,543,스타렉스,
,,,,,,,,,,,,,,,,,,,,,,Welcome_2nd.xlsx,,,,,545,그랜드스타렉스,
,,,,,,,,,,,,,,,,,,,,,,Welcome_2nd.xlsx,,,,,551,팰리세이드,
,,,,,,,,,,,,,,,,,,,,,,Welcome_2nd.xlsx,,,,,552,베뉴,
,,,,,,,,,,,,,,,,,,,,,,Welcome_2nd.xlsx,,,,,581,포터,
,,,,,,,,,,,,,,,,,,,,,,Welcome_2nd.xlsx,,,,,582,마이티,
,,,,,,,,,,,,,,,,,,,,,,Welcome_2nd.xlsx,,,,,583,메가트럭,
,,,,,,,,,,,,,,,,,,,,,,Welcome_2nd.xlsx,,,,,584,메가와이드,
,,,,,,,,,,,,,,,,,,,,,,Welcome_2nd.xlsx,,,,,585,누파워트럭,
,,,,,,,,,,,,,,,,,,,,,,Welcome_2nd.xlsx,,,,,586,엑시언트,
,,,,,,,,,,,,,,,,,,,,,,Welcome_2nd.xlsx,,,,,587,슈퍼트럭,
,,,,,,,,,,,,,,,,,,,,,,Welcome_2nd.xlsx,,,,,588,트라고,
,,,,,,,,,,,,,,,,,,,,,,Welcome_2nd.xlsx,,,,,589,뉴파워트럭,
,,,,,,,,,,,,,,,,,,,,,,Welcome_2nd.xlsx,,,,,590,리베로,
,,,,,,,,,,,,,,,,,,,,,,Welcome_2nd.xlsx,,,,,624,G70,
,,,,,,,,,,,,,,,,,,,,,,Welcome_2nd.xlsx,,,,,629,G80,
,,,,,,,,,,,,,,,,,,,,,,Welcome_2nd.xlsx,,,,,630,G90,
,,,,,,,,,,,,,,,,,,,,,,Welcome_2nd.xlsx,,,,,640,GV70,
,,,,,,,,,,,,,,,,,,,,,,Welcome_2nd.xlsx,,,,,641,GV80,
,,,,,,,,,,,,,,,,,,,,,,Welcome_2nd.xlsx,,,,,1301,A1,
,,,,,,,,,,,,,,,,,,,,,,Welcome_2nd.xlsx,,,,,1302,A3,
,,,,,,,,,,,,,,,,,,,,,,Welcome_2nd.xlsx,,,,,1303,A4,
,,,,,,,,,,,,,,,,,,,,,,Welcome_2nd.xlsx,,,,,1304,A5,
,,,,,,,,,,,,,,,,,,,,,,Welcome_2nd.xlsx,,,,,1305,A6,
,,,,,,,,,,,,,,,,,,,,,,Welcome_2nd.xlsx,,,,,1306,A7,
,,,,,,,,,,,,,,,,,,,,,,Welcome_2nd.xlsx,,,,,1307,A8,
,,,,,,,,,,,,,,,,,,,,,,Welcome_2nd.xlsx,,,,,1308,A9,
,,,,,,,,,,,,,,,,,,,,,,Welcome_2nd.xlsx,,,,,1309,Q1,
,,,,,,,,,,,,,,,,,,,,,,Welcome_2nd.xlsx,,,,,1310,Q2,
,,,,,,,,,,,,,,,,,,,,,,Welcome_2nd.xlsx,,,,,1311,Q3,
,,,,,,,,,,,,,,,,,,,,,,Welcome_2nd.xlsx,,,,,1312,Q4,
,,,,,,,,,,,,,,,,,,,,,,Welcome_2nd.xlsx,,,,,1313,Q5,
,,,,,,,,,,,,,,,,,,,,,,Welcome_2nd.xlsx,,,,,1314,Q6,
,,,,,,,,,,,,,,,,,,,,,,Welcome_2nd.xlsx,,,,,1315,Q7,
,,,,,,,,,,,,,,,,,,,,,,Welcome_2nd.xlsx,,,,,1316,Q8,
,,,,,,,,,,,,,,,,,,,,,,Welcome_2nd.xlsx,,,,,1317,R8,
,,,,,,,,,,,,,,,,,,,,,,Welcome_2nd.xlsx,,,,,1318,TT,
,,,,,,,,,,,,,,,,,,,,,,Welcome_2nd.xlsx,,,,,1401,Arnage (아나지),
,,,,,,,,,,,,,,,,,,,,,,Welcome_2nd.xlsx,,,,,1402,Bentayga (번테이가),
,,,,,,,,,,,,,,,,,,,,,,Welcome_2nd.xlsx,,,,,1403,Continental Flying Spur (컨티넨탈 플라잉 스퍼),
,,,,,,,,,,,,,,,,,,,,,,Welcome_2nd.xlsx,,,,,1404,Continental GT (컨티넨탈 GT),
,,,,,,,,,,,,,,,,,,,,,,Welcome_2nd.xlsx,,,,,1405,Continental GTC (컨티넨탈 GTC),
,,,,,,,,,,,,,,,,,,,,,,Welcome_2nd.xlsx,,,,,1406,EXP 10,
,,,,,,,,,,,,,,,,,,,,,,Welcome_2nd.xlsx,,,,,1407,Mulsanne (뮬산),
,,,,,,,,,,,,,,,,,,,,,,Welcome_2nd.xlsx,,,,,1501,1-Series (1 시리즈),
,,,,,,,,,,,,,,,,,,,,,,Welcome_2nd.xlsx,,,,,1502,1-Series Sport Cross (1 시리즈 스포츠 크로스),
,,,,,,,,,,,,,,,,,,,,,,Welcome_2nd.xlsx,,,,,1503,2-Series (2 시리즈),
,,,,,,,,,,,,,,,,,,,,,,Welcome_2nd.xlsx,,,,,1504,2-Series Active Tourer (2 시리즈 액티브 투어러),
,,,,,,,,,,,,,,,,,,,,,,Welcome_2nd.xlsx,,,,,1505,2-Series Gran Coupe (2 시리즈 그랜 쿠페),
,,,,,,,,,,,,,,,,,,,,,,Welcome_2nd.xlsx,,,,,1506,3-Series (3 시리즈),
,,,,,,,,,,,,,,,,,,,,,,Welcome_2nd.xlsx,,,,,1507,3-Series GT (3 시리즈 GT),
,,,,,,,,,,,,,,,,,,,,,,Welcome_2nd.xlsx,,,,,1508,4-Series (4 시리즈),
,,,,,,,,,,,,,,,,,,,,,,Welcome_2nd.xlsx,,,,,1509,4-Series Gran Coupe (4 시리즈 그랜 쿠페),
,,,,,,,,,,,,,,,,,,,,,,Welcome_2nd.xlsx,,,,,1510,5-Series (5 시리즈),
,,,,,,,,,,,,,,,,,,,,,,Welcome_2nd.xlsx,,,,,1511,5-Series GT (5 시리즈 GT),
,,,,,,,,,,,,,,,,,,,,,,Welcome_2nd.xlsx,,,,,1512,6-Series (6 시리즈),
,,,,,,,,,,,,,,,,,,,,,,Welcome_2nd.xlsx,,,,,1513,6-Series Gran Coupe (6 시리즈 그랜 쿠페),
,,,,,,,,,,,,,,,,,,,,,,Welcome_2nd.xlsx,,,,,1514,7-Series (7 시리즈),
,,,,,,,,,,,,,,,,,,,,,,Welcome_2nd.xlsx,,,,,1515,9-Series (9 시리즈),
,,,,,,,,,,,,,,,,,,,,,,Welcome_2nd.xlsx,,,,,1516,i3,
,,,,,,,,,,,,,,,,,,,,,,Welcome_2nd.xlsx,,,,,1517,i5,
,,,,,,,,,,,,,,,,,,,,,,Welcome_2nd.xlsx,,,,,1518,i8,
,,,,,,,,,,,,,,,,,,,,,,Welcome_2nd.xlsx,,,,,1519,X1,
,,,,,,,,,,,,,,,,,,,,,,Welcome_2nd.xlsx,,,,,1520,X3,
,,,,,,,,,,,,,,,,,,,,,,Welcome_2nd.xlsx,,,,,1521,X4,
,,,,,,,,,,,,,,,,,,,,,,Welcome_2nd.xlsx,,,,,1522,X5,
,,,,,,,,,,,,,,,,,,,,,,Welcome_2nd.xlsx,,,,,1523,X6,
,,,,,,,,,,,,,,,,,,,,,,Welcome_2nd.xlsx,,,,,1524,X7,
,,,,,,,,,,,,,,,,,,,,,,Welcome_2nd.xlsx,,,,,1525,Z3,
,,,,,,,,,,,,,,,,,,,,,,Welcome_2nd.xlsx,,,,,1526,Z4,
,,,,,,,,,,,,,,,,,,,,,,Welcome_2nd.xlsx,,,,,1527,Z8,
,,,,,,,,,,,,,,,,,,,,,,Welcome_2nd.xlsx,,,,,2401,Escape (이스케이프),
,,,,,,,,,,,,,,,,,,,,,,Welcome_2nd.xlsx,,,,,2402,Explorer (익스플로러),
,,,,,,,,,,,,,,,,,,,,,,Welcome_2nd.xlsx,,,,,2403,Explorer Sport Trac (익스플로러 스포츠 트랙),
,,,,,,,,,,,,,,,,,,,,,,Welcome_2nd.xlsx,,,,,2404,Focus (포커스),
,,,,,,,,,,,,,,,,,,,,,,Welcome_2nd.xlsx,,,,,2405,Fusion (퓨전),
,,,,,,,,,,,,,,,,,,,,,,Welcome_2nd.xlsx,,,,,2406,Kuga (쿠가),
,,,,,,,,,,,,,,,,,,,,,,Welcome_2nd.xlsx,,,,,2407,Mondeo (몬데오),
,,,,,,,,,,,,,,,,,,,,,,Welcome_2nd.xlsx,,,,,2408,Mustang (머스탱),
,,,,,,,,,,,,,,,,,,,,,,Welcome_2nd.xlsx,,,,,2409,S-MAX,
,,,,,,,,,,,,,,,,,,,,,,Welcome_2nd.xlsx,,,,,2410,Taurus (토러스),
,,,,,,,,,,,,,,,,,,,,,,Welcome_2nd.xlsx,,,,,2411,Taurus X (토러스 X),
,,,,,,,,,,,,,,,,,,,,,,Welcome_2nd.xlsx,,,,,2412,Windstar (윈드스타),
,,,,,,,,,,,,,,,,,,,,,,Welcome_2nd.xlsx,,,,,2501,Accord (어코드),
,,,,,,,,,,,,,,,,,,,,,,Welcome_2nd.xlsx,,,,,2502,Civic (시빅),
,,,,,,,,,,,,,,,,,,,,,,Welcome_2nd.xlsx,,,,,2503,CrossTour (크로스투어),
,,,,,,,,,,,,,,,,,,,,,,Welcome_2nd.xlsx,,,,,2504,CR-V,
,,,,,,,,,,,,,,,,,,,,,,Welcome_2nd.xlsx,,,,,2505,CR-Z,
,,,,,,,,,,,,,,,,,,,,,,Welcome_2nd.xlsx,,,,,2506,HR-V,
,,,,,,,,,,,,,,,,,,,,,,Welcome_2nd.xlsx,,,,,2507,Insight (인사이트),
,,,,,,,,,,,,,,,,,,,,,,Welcome_2nd.xlsx,,,,,2508,Legend (레전드),
,,,,,,,,,,,,,,,,,,,,,,Welcome_2nd.xlsx,,,,,2509,NSX,
,,,,,,,,,,,,,,,,,,,,,,Welcome_2nd.xlsx,,,,,2510,Odyssey (오딧세이),
,,,,,,,,,,,,,,,,,,,,,,Welcome_2nd.xlsx,,,,,2511,Pilot (파일럿),
,,,,,,,,,,,,,,,,,,,,,,Welcome_2nd.xlsx,,,,,2512,Vezel (베젤),
,,,,,,,,,,,,,,,,,,,,,,Welcome_2nd.xlsx,,,,,2601,EX,
,,,,,,,,,,,,,,,,,,,,,,Welcome_2nd.xlsx,,,,,2602,FX,
,,,,,,,,,,,,,,,,,,,,,,Welcome_2nd.xlsx,,,,,2603,G,
,,,,,,,,,,,,,,,,,,,,,,Welcome_2nd.xlsx,,,,,2604,G35,
,,,,,,,,,,,,,,,,,,,,,,Welcome_2nd.xlsx,,,,,2605,JX,
,,,,,,,,,,,,,,,,,,,,,,Welcome_2nd.xlsx,,,,,2606,M,
,,,,,,,,,,,,,,,,,,,,,,Welcome_2nd.xlsx,,,,,2607,Q11-15,
,,,,,,,,,,,,,,,,,,,,,,Welcome_2nd.xlsx,,,,,2608,Q50,
,,,,,,,,,,,,,,,,,,,,,,Welcome_2nd.xlsx,,,,,2609,Q60,
,,,,,,,,,,,,,,,,,,,,,,Welcome_2nd.xlsx,,,,,2610,Q70,
,,,,,,,,,,,,,,,,,,,,,,Welcome_2nd.xlsx,,,,,2611,QX,
,,,,,,,,,,,,,,,,,,,,,,Welcome_2nd.xlsx,,,,,2612,QX50,
,,,,,,,,,,,,,,,,,,,,,,Welcome_2nd.xlsx,,,,,2613,QX60,
,,,,,,,,,,,,,,,,,,,,,,Welcome_2nd.xlsx,,,,,2614,QX70,
,,,,,,,,,,,,,,,,,,,,,,Welcome_2nd.xlsx,,,,,2615,QX80,
,,,,,,,,,,,,,,,,,,,,,,Welcome_2nd.xlsx,,,,,2701,E-PACE,
,,,,,,,,,,,,,,,,,,,,,,Welcome_2nd.xlsx,,,,,2702,F-PACE,
,,,,,,,,,,,,,,,,,,,,,,Welcome_2nd.xlsx,,,,,2703,F-Type,
,,,,,,,,,,,,,,,,,,,,,,Welcome_2nd.xlsx,,,,,2704,I-PACE,
,,,,,,,,,,,,,,,,,,,,,,Welcome_2nd.xlsx,,,,,2705,I-Type,
,,,,,,,,,,,,,,,,,,,,,,Welcome_2nd.xlsx,,,,,2706,S-Type,
,,,,,,,,,,,,,,,,,,,,,,Welcome_2nd.xlsx,,,,,2707,XE,
,,,,,,,,,,,,,,,,,,,,,,Welcome_2nd.xlsx,,,,,2708,XF,
,,,,,,,,,,,,,,,,,,,,,,Welcome_2nd.xlsx,,,,,2709,XJ,
,,,,,,,,,,,,,,,,,,,,,,Welcome_2nd.xlsx,,,,,2710,XK,
,,,,,,,,,,,,,,,,,,,,,,Welcome_2nd.xlsx,,,,,2711,X-Type,
,,,,,,,,,,,,,,,,,,,,,,Welcome_2nd.xlsx,,,,,2801,Cherokee (체로키),
,,,,,,,,,,,,,,,,,,,,,,Welcome_2nd.xlsx,,,,,2802,Commander (커맨더),
,,,,,,,,,,,,,,,,,,,,,,Welcome_2nd.xlsx,,,,,2803,Compass (컴패스),
,,,,,,,,,,,,,,,,,,,,,,Welcome_2nd.xlsx,,,,,2804,Grand Cherokee (그랜드 체로키),
,,,,,,,,,,,,,,,,,,,,,,Welcome_2nd.xlsx,,,,,2805,Patriot (패트리어트),
,,,,,,,,,,,,,,,,,,,,,,Welcome_2nd.xlsx,,,,,2806,Renegade (레니게이드),
,,,,,,,,,,,,,,,,,,,,,,Welcome_2nd.xlsx,,,,,2807,Wrangler (랭글러),
,,,,,,,,,,,,,,,,,,,,,,Welcome_2nd.xlsx,,,,,3001,Defender Sport (디펜더 스포츠),
,,,,,,,,,,,,,,,,,,,,,,Welcome_2nd.xlsx,,,,,3002,Discovery (디스커버리),
,,,,,,,,,,,,,,,,,,,,,,Welcome_2nd.xlsx,,,,,3003,Discovery Sport (디스커버리 스포츠),
,,,,,,,,,,,,,,,,,,,,,,Welcome_2nd.xlsx,,,,,3004,Freelander (프리랜더),
,,,,,,,,,,,,,,,,,,,,,,Welcome_2nd.xlsx,,,,,3005,Range Rover (레인지로버),
,,,,,,,,,,,,,,,,,,,,,,Welcome_2nd.xlsx,,,,,3006,Range Rover Evoque (레인지로버 이보크),
,,,,,,,,,,,,,,,,,,,,,,Welcome_2nd.xlsx,,,,,3007,Range Rover Grand Evoque(레인지로버 그랜드 이보크),
,,,,,,,,,,,,,,,,,,,,,,Welcome_2nd.xlsx,,,,,3008,Range Rover Sport (레인지로버 스포츠),
,,,,,,,,,,,,,,,,,,,,,,Welcome_2nd.xlsx,,,,,3101,CT,
,,,,,,,,,,,,,,,,,,,,,,Welcome_2nd.xlsx,,,,,3102,ES,
,,,,,,,,,,,,,,,,,,,,,,Welcome_2nd.xlsx,,,,,3103,GS,
,,,,,,,,,,,,,,,,,,,,,,Welcome_2nd.xlsx,,,,,3104,IS,
,,,,,,,,,,,,,,,,,,,,,,Welcome_2nd.xlsx,,,,,3105,LC,
,,,,,,,,,,,,,,,,,,,,,,Welcome_2nd.xlsx,,,,,3106,LS,
,,,,,,,,,,,,,,,,,,,,,,Welcome_2nd.xlsx,,,,,3107,NX,
,,,,,,,,,,,,,,,,,,,,,,Welcome_2nd.xlsx,,,,,3108,RC,
,,,,,,,,,,,,,,,,,,,,,,Welcome_2nd.xlsx,,,,,3109,RX,
,,,,,,,,,,,,,,,,,,,,,,Welcome_2nd.xlsx,,,,,3110,SC,
,,,,,,,,,,,,,,,,,,,,,,Welcome_2nd.xlsx,,,,,3201,Aviator (에비에이터),
,,,,,,,,,,,,,,,,,,,,,,Welcome_2nd.xlsx,,,,,3202,Continental (컨티넨탈),
,,,,,,,,,,,,,,,,,,,,,,Welcome_2nd.xlsx,,,,,3204,MKC,
,,,,,,,,,,,,,,,,,,,,,,Welcome_2nd.xlsx,,,,,3205,MKS,
,,,,,,,,,,,,,,,,,,,,,,Welcome_2nd.xlsx,,,,,3206,MKX,
,,,,,,,,,,,,,,,,,,,,,,Welcome_2nd.xlsx,,,,,3207,MKZ,
,,,,,,,,,,,,,,,,,,,,,,Welcome_2nd.xlsx,,,,,3208,Town Car (타운카),
,,,,,,,,,,,,,,,,,,,,,,Welcome_2nd.xlsx,,,,,3209,Nautilus (노틸러스),
,,,,,,,,,,,,,,,,,,,,,,Welcome_2nd.xlsx,,,,,3210,Corsair (코세어),
,,,,,,,,,,,,,,,,,,,,,,Welcome_2nd.xlsx,,,,,3701,A-Class (A 클래스),
,,,,,,,,,,,,,,,,,,,,,,Welcome_2nd.xlsx,,,,,3702,B-Class (B 클래스),
,,,,,,,,,,,,,,,,,,,,,,Welcome_2nd.xlsx,,,,,3703,C-Class (C 클래스),
,,,,,,,,,,,,,,,,,,,,,,Welcome_2nd.xlsx,,,,,3704,CL,
,,,,,,,,,,,,,,,,,,,,,,Welcome_2nd.xlsx,,,,,3705,CLA,
,,,,,,,,,,,,,,,,,,,,,,Welcome_2nd.xlsx,,,,,3706,CLE,
,,,,,,,,,,,,,,,,,,,,,,Welcome_2nd.xlsx,,,,,3707,CLK,
,,,,,,,,,,,,,,,,,,,,,,Welcome_2nd.xlsx,,,,,3708,CLS,
,,,,,,,,,,,,,,,,,,,,,,Welcome_2nd.xlsx,,,,,3709,Compact Sedan (컴팩트 세단),
,,,,,,,,,,,,,,,,,,,,,,Welcome_2nd.xlsx,,,,,3710,E-Class (E 클래스),
,,,,,,,,,,,,,,,,,,,,,,Welcome_2nd.xlsx,,,,,3711,G-Class (G 클래스),
,,,,,,,,,,,,,,,,,,,,,,Welcome_2nd.xlsx,,,,,3712,GLA,
,,,,,,,,,,,,,,,,,,,,,,Welcome_2nd.xlsx,,,,,3713,GLB,
,,,,,,,,,,,,,,,,,,,,,,Welcome_2nd.xlsx,,,,,3714,GLC,
,,,,,,,,,,,,,,,,,,,,,,Welcome_2nd.xlsx,,,,,3715,GLC Coupe (GLC 쿠페),
,,,,,,,,,,,,,,,,,,,,,,Welcome_2nd.xlsx,,,,,3716,GLE,
,,,,,,,,,,,,,,,,,,,,,,Welcome_2nd.xlsx,,,,,3717,GLE Coupe (GLE 쿠페),
,,,,,,,,,,,,,,,,,,,,,,Welcome_2nd.xlsx,,,,,3718,GLK,
,,,,,,,,,,,,,,,,,,,,,,Welcome_2nd.xlsx,,,,,3719,GLS,
,,,,,,,,,,,,,,,,,,,,,,Welcome_2nd.xlsx,,,,,3720,GT,
,,,,,,,,,,,,,,,,,,,,,,Welcome_2nd.xlsx,,,,,3721,GT-4,
,,,,,,,,,,,,,,,,,,,,,,Welcome_2nd.xlsx,,,,,3722,ML-Class (ML 클래스),
,,,,,,,,,,,,,,,,,,,,,,Welcome_2nd.xlsx,,,,,3723,S-Class (S 클래스),
,,,,,,,,,,,,,,,,,,,,,,Welcome_2nd.xlsx,,,,,3724,S-Class Coupe (S 클래스 쿠페),
,,,,,,,,,,,,,,,,,,,,,,Welcome_2nd.xlsx,,,,,3725,SL,
,,,,,,,,,,,,,,,,,,,,,,Welcome_2nd.xlsx,,,,,3726,SLC,
,,,,,,,,,,,,,,,,,,,,,,Welcome_2nd.xlsx,,,,,3727,SLK,
,,,,,,,,,,,,,,,,,,,,,,Welcome_2nd.xlsx,,,,,3728,SLS,
,,,,,,,,,,,,,,,,,,,,,,Welcome_2nd.xlsx,,,,,3729,EQC,
,,,,,,,,,,,,,,,,,,,,,,Welcome_2nd.xlsx,,,,,3781,아테고,
,,,,,,,,,,,,,,,,,,,,,,Welcome_2nd.xlsx,,,,,3782,악트로스,
,,,,,,,,,,,,,,,,,,,,,,Welcome_2nd.xlsx,,,,,3783,아록스,
,,,,,,,,,,,,,,,,,,,,,,Welcome_2nd.xlsx,,,,,3801,Clubman (클럽맨),
,,,,,,,,,,,,,,,,,,,,,,Welcome_2nd.xlsx,,,,,3802,Countryman (컨트리맨),
,,,,,,,,,,,,,,,,,,,,,,Welcome_2nd.xlsx,,,,,3803,Coupe (쿠페),
,,,,,,,,,,,,,,,,,,,,,,Welcome_2nd.xlsx,,,,,3804,Mini (미니),
,,,,,,,,,,,,,,,,,,,,,,Welcome_2nd.xlsx,,,,,3805,Paceman (페이스맨),
,,,,,,,,,,,,,,,,,,,,,,Welcome_2nd.xlsx,,,,,3806,Roadster (로드스터),
,,,,,,,,,,,,,,,,,,,,,,Welcome_2nd.xlsx,,,,,3807,Superleggera (슈퍼레제라),
,,,,,,,,,,,,,,,,,,,,,,Welcome_2nd.xlsx,,,,,4001,370Z,
,,,,,,,,,,,,,,,,,,,,,,Welcome_2nd.xlsx,,,,,4002,Altima (알티마),
,,,,,,,,,,,,,,,,,,,,,,Welcome_2nd.xlsx,,,,,4003,Cube (큐브),
,,,,,,,,,,,,,,,,,,,,,,Welcome_2nd.xlsx,,,,,4004,GT-R,
,,,,,,,,,,,,,,,,,,,,,,Welcome_2nd.xlsx,,,,,4005,Juke (쥬크),
,,,,,,,,,,,,,,,,,,,,,,Welcome_2nd.xlsx,,,,,4006,Leaf (리프),
,,,,,,,,,,,,,,,,,,,,,,Welcome_2nd.xlsx,,,,,4007,Maxima (맥시마),
,,,,,,,,,,,,,,,,,,,,,,Welcome_2nd.xlsx,,,,,4008,Murano (무라노),
,,,,,,,,,,,,,,,,,,,,,,Welcome_2nd.xlsx,,,,,4009,Pathfinder (패스파인더),
,,,,,,,,,,,,,,,,,,,,,,Welcome_2nd.xlsx,,,,,4010,Qashqai (캐시카이),
,,,,,,,,,,,,,,,,,,,,,,Welcome_2nd.xlsx,,,,,4011,Rogue (로그),
,,,,,,,,,,,,,,,,,,,,,,Welcome_2nd.xlsx,,,,,4201,911,
,,,,,,,,,,,,,,,,,,,,,,Welcome_2nd.xlsx,,,,,4202,960,
,,,,,,,,,,,,,,,,,,,,,,Welcome_2nd.xlsx,,,,,4203,718 Boxster (718 박스터),
,,,,,,,,,,,,,,,,,,,,,,Welcome_2nd.xlsx,,,,,4204,718 Cayman (718 카이맨),
,,,,,,,,,,,,,,,,,,,,,,Welcome_2nd.xlsx,,,,,4205,918 Spyder (918 스파이더),
,,,,,,,,,,,,,,,,,,,,,,Welcome_2nd.xlsx,,,,,4206,Boxster (박스터),
,,,,,,,,,,,,,,,,,,,,,,Welcome_2nd.xlsx,,,,,4207,Carrera GT (카레라 GT),
,,,,,,,,,,,,,,,,,,,,,,Welcome_2nd.xlsx,,,,,4208,Cayenne (카이엔),
,,,,,,,,,,,,,,,,,,,,,,Welcome_2nd.xlsx,,,,,4209,Cayenne Coupe (카이엔 쿠페),
,,,,,,,,,,,,,,,,,,,,,,Welcome_2nd.xlsx,,,,,4210,Cayman (카이맨),
,,,,,,,,,,,,,,,,,,,,,,Welcome_2nd.xlsx,,,,,4211,Macan (마칸),
,,,,,,,,,,,,,,,,,,,,,,Welcome_2nd.xlsx,,,,,4212,Pajun (파준),
,,,,,,,,,,,,,,,,,,,,,,Welcome_2nd.xlsx,,,,,4213,Panamera (파나메라),
,,,,,,,,,,,,,,,,,,,,,,Welcome_2nd.xlsx,,,,,4301,Dawn (던),
,,,,,,,,,,,,,,,,,,,,,,Welcome_2nd.xlsx,,,,,4302,Ghost (고스트),
,,,,,,,,,,,,,,,,,,,,,,Welcome_2nd.xlsx,,,,,4303,Phantom (팬텀),
,,,,,,,,,,,,,,,,,,,,,,Welcome_2nd.xlsx,,,,,4304,Phantom Coupe (팬텀 쿠페),
,,,,,,,,,,,,,,,,,,,,,,Welcome_2nd.xlsx,,,,,4305,Phantom Drophead Coupe(팬텀 드롭헤드 쿠페),
,,,,,,,,,,,,,,,,,,,,,,Welcome_2nd.xlsx,,,,,4306,Wraith (레이스),
,,,,,,,,,,,,,,,,,,,,,,Welcome_2nd.xlsx,,,,,4801,Model 3 (모델 3),
,,,,,,,,,,,,,,,,,,,,,,Welcome_2nd.xlsx,,,,,4802,Model S (모델 S),
,,,,,,,,,,,,,,,,,,,,,,Welcome_2nd.xlsx,,,,,4803,Model X (모델 X),
,,,,,,,,,,,,,,,,,,,,,,Welcome_2nd.xlsx,,,,,4804,Model Y (모델 Y),
,,,,,,,,,,,,,,,,,,,,,,Welcome_2nd.xlsx,,,,,4805,사이버트럭,
,,,,,,,,,,,,,,,,,,,,,,Welcome_2nd.xlsx,,,,,4806,로드스터,
,,,,,,,,,,,,,,,,,,,,,,Welcome_2nd.xlsx,,,,,4901,Avalon (아발론),
,,,,,,,,,,,,,,,,,,,,,,Welcome_2nd.xlsx,,,,,4902,Camry (캠리),
,,,,,,,,,,,,,,,,,,,,,,Welcome_2nd.xlsx,,,,,4903,Corolla (코롤라),
,,,,,,,,,,,,,,,,,,,,,,Welcome_2nd.xlsx,,,,,4904,FJ Cruiser (FJ 크루저),
,,,,,,,,,,,,,,,,,,,,,,Welcome_2nd.xlsx,,,,,4905,GT 86,
,,,,,,,,,,,,,,,,,,,,,,Welcome_2nd.xlsx,,,,,4906,Prius (프리우스),
,,,,,,,,,,,,,,,,,,,,,,Welcome_2nd.xlsx,,,,,4907,Prius V (프리우스 V),
,,,,,,,,,,,,,,,,,,,,,,Welcome_2nd.xlsx,,,,,4908,Prius C (프리우스 C),
,,,,,,,,,,,,,,,,,,,,,,Welcome_2nd.xlsx,,,,,4909,RAV4,
,,,,,,,,,,,,,,,,,,,,,,Welcome_2nd.xlsx,,,,,4910,Sienna (시에나),
,,,,,,,,,,,,,,,,,,,,,,Welcome_2nd.xlsx,,,,,4911,Tacoma (타코마),
,,,,,,,,,,,,,,,,,,,,,,Welcome_2nd.xlsx,,,,,4912,Venza (벤자),
,,,,,,,,,,,,,,,,,,,,,,Welcome_2nd.xlsx,,,,,4913,Alphard,
,,,,,,,,,,,,,,,,,,,,,,Welcome_2nd.xlsx,,,,,5001,C30,
,,,,,,,,,,,,,,,,,,,,,,Welcome_2nd.xlsx,,,,,5002,C70,
,,,,,,,,,,,,,,,,,,,,,,Welcome_2nd.xlsx,,,,,5003,S40,
,,,,,,,,,,,,,,,,,,,,,,Welcome_2nd.xlsx,,,,,5004,S60,
,,,,,,,,,,,,,,,,,,,,,,Welcome_2nd.xlsx,,,,,5005,S80,
,,,,,,,,,,,,,,,,,,,,,,Welcome_2nd.xlsx,,,,,5006,S90,
,,,,,,,,,,,,,,,,,,,,,,Welcome_2nd.xlsx,,,,,5007,V40,
,,,,,,,,,,,,,,,,,,,,,,Welcome_2nd.xlsx,,,,,5008,V50,
,,,,,,,,,,,,,,,,,,,,,,Welcome_2nd.xlsx,,,,,5009,V60,
,,,,,,,,,,,,,,,,,,,,,,Welcome_2nd.xlsx,,,,,5010,V70,
,,,,,,,,,,,,,,,,,,,,,,Welcome_2nd.xlsx,,,,,5011,V90 Cross Country (V90 크로스 컨트리),
,,,,,,,,,,,,,,,,,,,,,,Welcome_2nd.xlsx,,,,,5012,XC40,
,,,,,,,,,,,,,,,,,,,,,,Welcome_2nd.xlsx,,,,,5013,XC60,
,,,,,,,,,,,,,,,,,,,,,,Welcome_2nd.xlsx,,,,,5014,XC70,
,,,,,,,,,,,,,,,,,,,,,,Welcome_2nd.xlsx,,,,,5015,XC90,
,,,,,,,,,,,,,,,,,,,,,,Welcome_2nd.xlsx,,,,,5081,FL,
,,,,,,,,,,,,,,,,,,,,,,Welcome_2nd.xlsx,,,,,5082,FH,
,,,,,,,,,,,,,,,,,,,,,,Welcome_2nd.xlsx,,,,,5083,FMX,
,,,,,,,,,,,,,,,,,,,,,,Welcome_2nd.xlsx,,,,,5101,Bora (보라),
,,,,,,,,,,,,,,,,,,,,,,Welcome_2nd.xlsx,,,,,5102,CC,
,,,,,,,,,,,,,,,,,,,,,,Welcome_2nd.xlsx,,,,,5103,Eos,
,,,,,,,,,,,,,,,,,,,,,,Welcome_2nd.xlsx,,,,,5104,Golf (골프),
,,,,,,,,,,,,,,,,,,,,,,Welcome_2nd.xlsx,,,,,5105,Jetta (제타),
,,,,,,,,,,,,,,,,,,,,,,Welcome_2nd.xlsx,,,,,5106,New Beetle (뉴비틀),
,,,,,,,,,,,,,,,,,,,,,,Welcome_2nd.xlsx,,,,,5107,New Beetle Convertible (뉴비틀 컨버터블),
,,,,,,,,,,,,,,,,,,,,,,Welcome_2nd.xlsx,,,,,5108,Passat (파사트),
,,,,,,,,,,,,,,,,,,,,,,Welcome_2nd.xlsx,,,,,5109,Phaeton (페이톤),
,,,,,,,,,,,,,,,,,,,,,,Welcome_2nd.xlsx,,,,,5110,Polo (폴로),
,,,,,,,,,,,,,,,,,,,,,,Welcome_2nd.xlsx,,,,,5111,Scirocco (시로코),
,,,,,,,,,,,,,,,,,,,,,,Welcome_2nd.xlsx,,,,,5112,Tiguan (티구안),
,,,,,,,,,,,,,,,,,,,,,,Welcome_2nd.xlsx,,,,,5113,Touareg (투아렉),
,,,,,,,,,,,,,,,,,,,,,,Welcome_2nd.xlsx,,,,,5114,Touran (투란),
,,,,,,,,,,,,,,,,,,,,,,Welcome_2nd.xlsx,,,,,5115,Arteon (아테온),
,,,,,,,,,,,,,,,,,,,,,,Welcome_2nd.xlsx,,,,,5281,TGM,
,,,,,,,,,,,,,,,,,,,,,,Welcome_2nd.xlsx,,,,,5282,TGS,
,,,,,,,,,,,,,,,,,,,,,,Welcome_2nd.xlsx,,,,,5283,TGX,
,,,,,,,,,,,,,,,,,,,,,,Welcome_2nd.xlsx,,,,,5381,G,
,,,,,,,,,,,,,,,,,,,,,,Welcome_2nd.xlsx,,,,,5382,P,
,,,,,,,,,,,,,,,,,,,,,,Welcome_2nd.xlsx,,,,,5383,R,
,,,,,,,,,,,,,,,,,,,,,,Welcome_2nd.xlsx,,,,,5384,S,
,,,,,,,,,,,,,,,,,,,,,,Welcome_2nd.xlsx,,,,,8101,아오마크,
,,,,,,,,,,,,,,,,,,,,,,Welcome_2nd.xlsx,,,,,8201,엘프,
,,,,,,,,,,,,,,,,,,,,,,Welcome_2nd.xlsx,,,,,8301,트래커,
,,,,,,,,,,,,,,,,,,,,,,Welcome_2nd.xlsx,,,,,Q12,흡연경험,MULTI
,,,,,,,,,,,,,,,,,,,,,,Welcome_2nd.xlsx,,,,,1,일반 담배,
,,,,,,,,,,,,,,,,,,,,,,Welcome_2nd.xlsx,,,,,2,"궐련형 전자 담배/ 가열식 담배 ((예) 아이코스, 글로, 릴만 해당 됨)",
,,,,,,,,,,,,,,,,,,,,,,Welcome_2nd.xlsx,,,,,3,액상형 전자담배 ((예) 저스트포그 등),
,,,,,,,,,,,,,,,,,,,,,,Welcome_2nd.xlsx,,,,,6,"하이브리드형 전자담배 ((예) 릴 하이브리드, 글로센스, 풀룸테크 등)",
,,,,,,,,,,,,,,,,,,,,,,Welcome_2nd.xlsx,,,,,4,"기타 담배(머금는 담배(스누스), 물담배, 시가 등)",
,,,,,,,,,,,,,,,,,,,,,,Welcome_2nd.xlsx,,,,,5,담배를 피워본 적이 없다,
,,,,,,,,,,,,,,,,,,,,,,Welcome_2nd.xlsx,,,,,Q12_1,흡연경험 담배브랜드,MULTI
,,,,,,,,,,,,,,,,,,,,,,Welcome_2nd.xlsx,,,,,1,레종,
,,,,,,,,,,,,,,,,,,,,,,Welcome_2nd.xlsx,,,,,2,에쎄,
,,,,,,,,,,,,,,,,,,,,,,Welcome_2nd.xlsx,,,,,3,보헴,
,,,,,,,,,,,,,,,,,,,,,,Welcome_2nd.xlsx,,,,,4,아프리카,
,,,,,,,,,,,,,,,,,,,,,,Welcome_2nd.xlsx,,,,,5,더원,
,,,,,,,,,,,,,,,,,,,,,,Welcome_2nd.xlsx,,,,,6,시즌,
,,,,,,,,,,,,,,,,,,,,,,Welcome_2nd.xlsx,,,,,7,아이스볼트 GT,
,,,,,,,,,,,,,,,,,,,,,,Welcome_2nd.xlsx,,,,,8,디스플러스,
,,,,,,,,,,,,,,,,,,,,,,Welcome_2nd.xlsx,,,,,9,디스,
,,,,,,,,,,,,,,,,,,,,,,Welcome_2nd.xlsx,,,,,10,한라산,
,,,,,,,,,,,,,,,,,,,,,,Welcome_2nd.xlsx,,,,,11,라일락,
,,,,,,,,,,,,,,,,,,,,,,Welcome_2nd.xlsx,,,,,12,심플,
,,,,,,,,,,,,,,,,,,,,,,Welcome_2nd.xlsx,,,,,13,타임,
,,,,,,,,,,,,,,,,,,,,,,Welcome_2nd.xlsx,,,,,14,88리턴즈,
,,,,,,,,,,,,,,,,,,,,,,Welcome_2nd.xlsx,,,,,15,말보로,
,,,,,,,,,,,,,,,,,,,,,,Welcome_2nd.xlsx,,,,,16,팔리아멘트,
,,,,,,,,,,,,,,,,,,,,,,Welcome_2nd.xlsx,,,,,17,메비우스(구 마일드세븐),
,,,,,,,,,,,,,,,,,,,,,,Welcome_2nd.xlsx,,,,,18,던힐,
,,,,,,,,,,,,,,,,,,,,,,Welcome_2nd.xlsx,,,,,19,라크,
,,,,,,,,,,,,,,,,,,,,,,Welcome_2nd.xlsx,,,,,20,카멜,
,,,,,,,,,,,,,,,,,,,,,,Welcome_2nd.xlsx,,,,,22,다비도프,
,,,,,,,,,,,,,,,,,,,,,,Welcome_2nd.xlsx,,,,,23,하모니(구 라크),
,,,,,,,,,,,,,,,,,,,,,,Welcome_2nd.xlsx,,,,,24,럭키스트라이크,
,,,,,,,,,,,,,,,,,,,,,,Welcome_2nd.xlsx,,,,,25,버지니아 S,
,,,,,,,,,,,,,,,,,,,,,,Welcome_2nd.xlsx,,,,,26,블랙데빌,
,,,,,,,,,,,,,,,,,,,,,,Welcome_2nd.xlsx,,,,,27,켄트(구 로스만),
,,,,,,,,,,,,,,,,,,,,,,Welcome_2nd.xlsx,,,,,28,클라우드 나인,
,,,,,,,,,,,,,,,,,,,,,,Welcome_2nd.xlsx,,,,,29,토니노 람보르기니,
,,,,,,,,,,,,,,,,,,,,,,Welcome_2nd.xlsx,,,,,30,하비스트,
,,,,,,,,,,,,,,,,,,,,,,Welcome_2nd.xlsx,,,,,21,기타 브랜드(구체적으로: [Q12_1_ETC] ),
,,,,,,,,,,,,,,,,,,,,,,Welcome_2nd.xlsx,,,,,Q12_1_ETC,흡연경험 담배브랜드(기타브랜드),String
,,,,,,,,,,,,,,,,,,,,,,Welcome_2nd.xlsx,,,,,Q12_2,궐련형 전자담배/가열식 전자담배 이용경험,MULTI
,,,,,,,,,,,,,,,,,,,,,,Welcome_2nd.xlsx,,,,,1,아이코스,
,,,,,,,,,,,,,,,,,,,,,,Welcome_2nd.xlsx,,,,,2,릴,
,,,,,,,,,,,,,,,,,,,,,,Welcome_2nd.xlsx,,,,,3,글로,
,,,,,,,,,,,,,,,,,,,,,,Welcome_2nd.xlsx,,,,,5,차이코스 (CQS),
,,,,,,,,,,,,,,,,,,,,,,Welcome_2nd.xlsx,,,,,4,기타(구체적으로: [Q12_2_ETC] ),
,,,,,,,,,,,,,,,,,,,,,,Welcome_2nd.xlsx,,,,,Q12_2_ETC,흡연경험 담배 브랜드(기타내용),String
,,,,,,,,,,,,,,,,,,,,,,Welcome_2nd.xlsx,,,,,Q13,음용경험 술,MULTI
,,,,,,,,,,,,,,,,,,,,,,Welcome_2nd.xlsx,,,,,1,소주,
,,,,,,,,,,,,,,,,,,,,,,Welcome_2nd.xlsx,,,,,2,맥주,
,,,,,,,,,,,,,,,,,,,,,,Welcome_2nd.xlsx,,,,,3,"저도주 (맥주, 막걸리, 와인 등을 제외한 18도 미만의 술 - 청주, 매실주, 복분자주 등이 있음)",
,,,,,,,,,,,,,,,,,,,,,,Welcome_2nd.xlsx,,,,,4,막걸리/탁주,
,,,,,,,,,,,,,,,,,,,,,,Welcome_2nd.xlsx,,,,,5,"양주 (위스키, 보드카, 데킬라, 진 등)",
,,,,,,,,,,,,,,,,,,,,,,Welcome_2nd.xlsx,,,,,6,와인,
,,,,,,,,,,,,,,,,,,,,,,Welcome_2nd.xlsx,,,,,7,"과일칵테일주 (도수가 낮고, 과일 맛을 첨가한 술 - KGB, 후치, 크루저 등이 있음)",
,,,,,,,,,,,,,,,,,,,,,,Welcome_2nd.xlsx,,,,,8,일본청주/사케,
,,,,,,,,,,,,,,,,,,,,,,Welcome_2nd.xlsx,,,,,9,기타 ( [Q13_ETC] ),
,,,,,,,,,,,,,,,,,,,,,,Welcome_2nd.xlsx,,,,,10,최근 1년 이내 술을 마시지 않음,
,,,,,,,,,,,,,,,,,,,,,,Welcome_2nd.xlsx,,,,,Q13_ETC,음용경험 술(기타내용),String
,,,,,,,,,,,,,,,,,,,,,,Welcome_1st.xlsx,,,,,mb_sn,패널ID,String
,,,,,,,,,,,,,,,,,,,,,,Welcome_1st.xlsx,,,,,Q10,귀하의 성별은,SINGLE
,,,,,,,,,,,,,,,,,,,,,,Welcome_1st.xlsx,,,,,M,남성,
,,,,,,,,,,,,,,,,,,,,,,Welcome_1st.xlsx,,,,,F,여성,
,,,,,,,,,,,,,,,,,,,,,,Welcome_1st.xlsx,,,,,Q11,귀하의 출생년도는 어떻게 되십니까?,NUMERIC
,,,,,,,,,,,,,,,,,,,,,,Welcome_1st.xlsx,,,,,Q12,회원님께서 현재 살고 계신 지역은 어디인가요?,String
,,,,,,,,,,,,,,,,,,,,,,Welcome_1st.xlsx,,,,,Q12_1,"그렇다면, [VALUE:Q12]의 어느 구에 살고 계신가요?",String
